<?xml version="1.0" encoding="UTF-8"?>
<GenRun Id="synth_1" LaunchPart="xc7a35tcpg236-1" LaunchTime="1536951264">
  <File Type="PA-TCL" Name="topmodule.tcl"/>
  <File Type="RDS-PROPCONSTRS" Name="topmodule_drc_synth.rpt"/>
  <File Type="RDS-RDS" Name="topmodule.vds"/>
  <File Type="RDS-UTIL" Name="topmodule_utilization_synth.rpt"/>
  <File Type="RDS-UTIL-PB" Name="topmodule_utilization_synth.pb"/>
  <File Type="RDS-DCP" Name="topmodule.dcp"/>
  <File Type="VDS-TIMINGSUMMARY" Name="topmodule_timing_summary_synth.rpt"/>
  <File Type="VDS-TIMING-PB" Name="topmodule_timing_summary_synth.pb"/>
  <FileSet Name="sources" Type="DesignSrcs" RelSrcDir="$PSRCDIR/sources_1">
    <Filter Type="Srcs"/>
    <File Path="$PSRCDIR/sources_1/new/hexToSeg_funct.vh">
      <FileInfo>
        <Attr Name="ImportPath" Val="$PPRDIR/../../../../../Lab1_1/Lab1_1.srcs/sources_1/new/hexToSeg_funct.vh"/>
        <Attr Name="ImportTime" Val="1536828533"/>
        <Attr Name="UsedIn" Val="synthesis"/>
        <Attr Name="UsedIn" Val="simulation"/>
      </FileInfo>
    </File>
    <File Path="$PSRCDIR/sources_1/new/topmodule.v">
      <FileInfo>
        <Attr Name="ImportPath" Val="$PPRDIR/../../../../Lab1.srcs/sources_1/new/topmodule.v"/>
        <Attr Name="ImportTime" Val="1535748744"/>
        <Attr Name="UsedIn" Val="synthesis"/>
        <Attr Name="UsedIn" Val="implementation"/>
        <Attr Name="UsedIn" Val="simulation"/>
      </FileInfo>
    </File>
    <Config>
      <Option Name="DesignMode" Val="RTL"/>
      <Option Name="TopModule" Val="topmodule"/>
      <Option Name="TopAutoSet" Val="TRUE"/>
    </Config>
  </FileSet>
  <FileSet Name="constrs_in" Type="Constrs" RelSrcDir="$PSRCDIR/constrs_1">
    <Filter Type="Constrs"/>
    <File Path="$PSRCDIR/constrs_1/imports/Getting Started/Basys3_Master.xdc">
      <FileInfo>
        <Attr Name="ImportPath" Val="$PPRDIR/../../../../../../Getting Started/Basys3_Master.xdc"/>
        <Attr Name="ImportTime" Val="1535695729"/>
        <Attr Name="UsedIn" Val="synthesis"/>
        <Attr Name="UsedIn" Val="implementation"/>
      </FileInfo>
    </File>
    <Config>
      <Option Name="TargetConstrsFile" Val="$PSRCDIR/constrs_1/imports/Getting Started/Basys3_Master.xdc"/>
      <Option Name="ConstrsType" Val="XDC"/>
    </Config>
  </FileSet>
  <Strategy Version="1" Minor="2">
    <StratHandle Name="Vivado Synthesis Defaults" Flow="Vivado Synthesis 2016"/>
    <Step Id="synth_design"/>
  </Strategy>
</GenRun>
